dataGen_tsk_0_0_Ca_ER,dataGen_tsk_0_0_Ca_ER,"dataGen_tsk_0_0_Ca_ER",500.0,19.718517266619994,0.009295070183983394,0.005660979523177332,0.003987203962783333,0.003070285985563834,0.0024947859595774325,0.002096228261695195,0.001801050245237809,0.0015723205826312955,0.0013895174875614218,0.0012402411069259054,0.0011164797536200308,0.0010127721375029263,9.252433954184204E-4,8.510863791070504E-4,7.882867054668071E-4,7.355967462002236E-4,6.927422603123782E-4,6.611345420352364E-4,6.433090632456837E-4,6.356688007885682E-4,6.309953068649979E-4,6.268222060771497E-4,6.227564580699673E-4,6.187362288723066E-4,6.147441062206654E-4,6.107709976150489E-4,6.068114785228511E-4,6.028627059409746E-4,5.989236837190089E-4,5.949946108840928E-4,5.910763428684779E-4,5.871699902763578E-4,5.832766529084923E-4,5.793972692347296E-4,5.755325538431968E-4,5.71682994666681E-4,5.678488852177947E-4,5.640303724566806E-4,5.602275067416264E-4,5.564402856117959E-4,5.526686874270673E-4,5.489126939778239E-4,5.451723031392197E-4,5.414475336694051E-4,5.377384245553266E-4,5.340450311681063E-4,5.303674200651073E-4,5.267056637599957E-4,5.230598362737851E-4,5.194300098498854E-4,5.158162528951147E-4,5.122186290006563E-4,5.086371967890129E-4,5.050720103030293E-4,5.01523119676314E-4,4.979905718778199E-4,4.944744113880781E-4,4.909746807270751E-4,4.874914208056555E-4,4.840246711098049E-4,4.8057446974985484E-4,4.771408534163965E-4,4.7372385728464307E-4,4.703235149025395E-4,4.669398580882838E-4,4.6357291685265357E-4,4.602227193523821E-4,4.568892918738206E-4,4.5357265884159425E-4,4.502728428447797E-4,4.4698986467283763E-4,4.437237433545698E-4,4.4047449619512497E-4,4.372421388080433E-4,4.3402668514114765E-4,4.3082814749650076E-4,4.276465365455858E-4,4.244818613413094E-4,4.213341293284798E-4,4.182033463541801E-4,4.1508951667905517E-4,4.119926429901027E-4,4.089127264151483E-4,4.0584976653887774E-4,4.0280376142009833E-4,3.997747076098205E-4,3.967626001697478E-4,3.937674326908447E-4,3.90789197311745E-4,3.87827884736884E-4,3.848834842543273E-4,3.8195598375335044E-4,3.7904536974185844E-4,3.7615162736375206E-4,3.7327474041633766E-4,3.704146913678563E-4,3.675714613751687E-4,3.647450303016119E-4,3.619353767350126E-4
dataGen_tsk_0_0_Ca_Ex,dataGen_tsk_0_0_Ca_Ex,"dataGen_tsk_0_0_Ca_Ex",0.0,107.38278857453439,177.93242227183643,209.97539948832753,217.9576784542444,213.96077532624093,205.10235540484294,195.0753002698962,185.65488696400848,177.59170836205337,171.08819874751887,166.0567238551783,162.26849484351592,159.44453917009997,157.3114411738607,155.6327077872929,154.22250139521705,152.94716204387,151.71930603720114,150.48838709726974,149.23052779481802,147.93934232274648,146.61857039263688,145.27671675045536,143.92351740252138,142.5678802460278,141.21690548233528,139.87562455308864,138.54716386887713,137.2331156887619,135.93396895458102,134.64951105697762,133.3791554560637,132.1221805073484,130.8778838068965,129.64566642978826,128.4250651463727,127.21575031349016,126.01750446327917,124.83019298551991,123.65373461491886,122.48807621781017,121.33317386731233,120.18898045036073,119.0554389904075,117.93248035973434,116.82002394902581,115.71797999710554,114.62625255909822,113.54474240204263,112.47334940922569,111.41197431301799,110.36051974781736,109.31889072110349,108.28699465148489,107.26474113188516,106.25204155814886,105.24880873119996,104.25495650452143,103.27039951505567,102.29505300862498,101.32883275218789,100.37165501447895,99.42343659252987,98.48409486243028,97.55354783657602,96.63171421490827,95.71851342299337,94.81386563438626,93.917691778119,93.02991353425388,92.15045332135854,91.2792342797606,90.4161802538267,89.56121577559097,88.71426605107345,87.87525694975376,87.04411499700387,86.22076736886984,85.40514188840787,84.59716702278439,83.79677188048198,83.00388620814738,82.21844038682961,81.44036542754141,80.66959296621621,79.90605525821817,79.1496851725947,78.40041618625384,77.65818237821128,76.92291842400417,76.19455959031619,75.47304172981673,74.75830127618507,74.05027523927313,73.34890120035682,72.65411730742984,71.96586227050662,71.28407535691478,70.60869638656969,69.93966572723647
dataGen_tsk_0_0_Ca_cyto,dataGen_tsk_0_0_Ca_cyto,"dataGen_tsk_0_0_Ca_cyto",0.1,86.24328827098448,69.30663347371673,61.085534715751635,58.26957509743452,58.16922406105337,59.17271551499182,60.442092120189436,61.57704605328232,62.41065965911117,62.899791801661,63.065988742190925,62.961770985615544,62.650311158009465,62.19312913561629,61.64323916617329,61.04219494594561,60.41981865360777,59.79555729887096,59.18061167268807,58.58021933690654,57.99570861910167,57.426144455880014,56.869531084213484,56.32360345390921,55.78628663984171,55.25591371262815,54.731283041815935,54.2116207934167,53.69649734369171,53.185730514417834,52.679295501807644,52.17725152410029,51.679688415959454,51.186692161246434,50.698326121251554,50.21462389346343,49.73558983399782,49.26120387946224,48.791428120945234,48.32621340788446,47.86550498095068,47.40924669253966,46.95738376387748,46.50986426345259,46.066639604954304,45.62766438564646,45.19289585555106,44.762293245696966,44.335817114053384,43.91342880233823,43.495090043581854,43.08076272198217,42.67040876289627,42.26399011953521,41.86146882093975,41.46280704987107,41.067967226476014,40.6769120817352,40.28960471223267,39.90600861381517,39.52608769589548,39.149806280547935,38.77712909143645,38.40802123741318,38.04244819474986,37.68037579078531,37.32177019057714,36.96659788711966,36.61482569493259,36.266420746358925,35.92135048970716,35.57958268837524,35.241085420231485,34.90582707673431,34.57377636149272,34.24490228816462,33.919174177737816,33.5965616553303,33.27703464668739,32.960563374551576,32.647118355051965,32.336670394215396,32.029190584655204,31.72465030245169,31.42302120420722,31.124275224240577,30.828384571877567,30.53532172879683,30.245059446398262,29.957570743172106,29.67282890205837,29.390807467795774,29.11148024426631,28.834821291845635,28.560804924769826,28.289405708528587,28.020598457292035,27.75435823137486,27.490660334739296,27.229480312535355
dataGen_tsk_0_0_Ca_miscbound,dataGen_tsk_0_0_Ca_miscbound,"dataGen_tsk_0_0_Ca_miscbound",0.0,200.3380473528962,169.4132084089797,148.85604621758736,141.69180978451578,141.3020955551355,143.69068595137912,146.77308256807765,149.55045314046484,151.6033578357616,152.81963946315426,153.2479276794893,153.0142400826931,152.27177498051165,151.17048025826526,149.84002511333827,148.38235223586645,146.87084420257662,145.35352284189713,143.85818672110327,142.39796375909845,140.97633026985824,139.59114604511902,138.2376122911296,136.91022553218792,135.6039173842625,134.314600315107,133.0393171797261,131.77615570509582,130.5240476642743,129.28253390334538,128.05154443362852,126.83121863814527,125.62177387447714,124.42342029002424,123.23631408399245,122.06053936849887,120.89610895390298,119.74297582596773,118.60104905398494,117.47020988265538,116.35032552143399,115.24125952102446,114.1428785868554,113.05505626486269,111.97767421864016,110.91062187844486,109.85379517167486,108.80709489499587,107.7704251191926,106.74369185810424,105.72680210231981,104.7196632238985,103.72218269968988,102.73426807252903,101.75582706412159,100.78676776291537,99.82699882765228,98.87642966708728,97.93497057475297,97.00253281243906,96.079028646382,95.16437134611208,94.25847515818093,93.36125526657374,92.47262774952026,91.59250953956838,90.7208183908708,89.85747285512495,89.00239226574111,88.15549672865819,87.31670711771375,86.48594507246541,85.66313299668836,84.84819405627152,84.04105217577111,83.24163203335713,82.44985905425177,81.66565940298679,80.88895997490903,80.11968838736351,79.35777297091366,78.6031427608507,77.85572748913198,77.11545757678527,76.3822641267397,75.65607891699827,74.93683439404798,74.22446366640693,73.51890049822882,72.82007930291026,72.12793513667516,71.44240369213328,70.76342129182756,70.09092488179466,69.42485202516454,68.76514089582335,68.11173027215776,67.46455953088966,66.82356864100527,66.18869815777505
dataGen_tsk_0_0_Ca_mito,dataGen_tsk_0_0_Ca_mito,"dataGen_tsk_0_0_Ca_mito",0.0,83.38259867959842,74.61642448255856,65.33533095012349,62.03870926911616,61.79338677684245,62.81188962644859,64.15811811420417,65.38198139678684,66.29302240636929,66.83848381821063,67.03774926584282,66.94511503296951,66.6274143125021,66.15044235503741,65.57132209777122,64.93511393710926,64.27436378263087,63.61045373161525,62.95583047534438,62.316435628930286,61.69391422249671,61.08739697248338,60.49481137191244,59.91375147958434,59.34198804746346,58.77771535813327,58.21962178280711,57.66685521120523,57.11893639625831,56.57565629765161,56.03697941329116,55.502964390553586,54.97370576321971,54.449295988770906,53.92980445121181,53.41526913611543,52.905696731963054,52.401067527846244,51.90134233586475,51.40646954899526,50.91639122107113,50.431047663888855,49.95038048313073,49.47433423641412,49.00285702523217,48.53590036232877,48.07341862678613,47.61536835450725,47.16170753789577,46.712395038339054,46.267390157390786,45.82665237065453,45.390141202148904,44.957816204116234,44.52963700453706,44.10556338857242,43.68555538768164,43.269573358814604,42.85757804416413,42.44953060850188,42.04539265571075,41.64512622879772,41.2486937987189,40.856058247201354,40.46718284785243,40.0820312486066,39.70056745728321,39.32275583092128,38.9485610687303,38.57794820797963,38.21088262191502,37.84733001877948,37.48725644115546,37.13062826506063,36.77741219846465,36.42757527910441,36.081084871635994,35.73790866426363,35.398014665032846,35.061371197975795,34.727946899267835,34.397710713507344,34.070631890181744,33.74667998033726,33.425824833436415,33.10803659436653,32.793285700553795,32.481542879138864,32.17277914417855,31.866965793849527,31.56407440764219,31.26407684354317,30.96694523521251,30.672651989166358,30.38116978197617,30.09247155749538,29.80653052412136,29.52332015209691,29.242814170852963,28.9649865663911
dataGen_tsk_0_0_DAG,dataGen_tsk_0_0_DAG,"dataGen_tsk_0_0_DAG",0.7200000000000001,2.0450988336435296,3.6877951529636945,5.581313456328439,7.702547029578832,10.019877519997232,12.499504838770802,15.10925750338031,17.820307236543833,20.607558129579854,23.449296538522002,26.326435318241856,29.221480473673836,32.11717106269586,34.994522532712566,37.82958619459445,40.58721750158381,43.207330560481665,45.571303697245476,47.42760054197516,48.414223423147085,48.66976077048177,48.707323034156744,48.711820045380975,48.71215904433506,48.71200156340725,48.7117939045977,48.71158807976361,48.711388520688445,48.71119430192499,48.711004184365194,48.71081714964452,48.71063240470259,48.71044933652861,48.71026747182708,48.71008644548764,48.70990597627635,48.70972584804313,48.70954589512813,48.70936599098888,48.70918603932088,48.7090059671261,48.70882571931197,48.708645254497924,48.70846454177424,48.7082835582105,48.708102286949504,48.70792071575684,48.7077388359208,48.707556641419814,48.707374128292315,48.707191294158704,48.70700813785709,48.70682465916417,48.70664085857992,48.70645673716027,48.70627229638664,48.70608753806379,48.70590246423974,48.70571707714339,48.70553137913593,48.705345372673335,48.705159060277815,48.70497244451599,48.70478552798254,48.70459831328803,48.7044108030498,48.70422299988513,48.7040349064062,48.70384652521626,48.70365785890667,48.70346891005471,48.70327968122172,48.703090174951846,48.70290039377088,48.70271034018554,48.70252001668286,48.70232942572972,48.70213856977262,48.70194745123753,48.701756072529776,48.701564436034054,48.70137254411452,48.70118039911479,48.70098800335813,48.700795359147484,48.70060246876565,48.70040933447543,48.70021595851973,48.70002234312168,48.699828490484826,48.69963440279323,48.699440082211666,48.69924553088568,48.69905075094187,48.69885574448791,48.69866051361277,48.69846506038689,48.69826938686226,48.69807349507266,48.697877387033735
dataGen_tsk_0_0_DAG_deg,dataGen_tsk_0_0_DAG_deg,"dataGen_tsk_0_0_DAG_deg",0.0,6.001205325996908E-6,1.8803486443610232E-5,3.9568407322603473E-5,6.937729569660289E-5,1.0918556831060801E-4,1.597995442944322E-4,2.2187612479318016E-4,2.959346162937494E-4,3.823730202538323E-4,4.814842379908158E-4,5.934697079667453E-4,7.18449000300264E-4,8.56464078688962E-4,0.0010074762601087184,0.0011713518681327646,0.0013478275311377846,0.0015364332049729447,0.0017363157368174165,0.001945824087744724,0.0021618306468733826,0.00238043059504331,0.002599556239952026,0.0028187527968336523,0.0030379571725643846,0.003257161581117126,0.003476365123270858,0.0036955677304329354,0.003914769425538815,0.004133970235131245,0.0043531701803953115,0.004572369277403414,0.0047915675381678255,0.005010764971553957,0.005229961583996424,0.005449157380053785,0.005668352362838282,0.005887546534349232,0.006106739895731704,0.00632593244747705,0.006545124189578157,0.006764315121649191,0.006983505243018113,0.007202694552796978,0.007421883049936333,0.007641070733266385,0.00786025760152845,0.008079443653398856,0.008298628887507162,0.008517813302450043,0.00873699689680192,0.0089561796691231,0.00917536161796605,0.009394542741880193,0.009613723039415661,0.00983290250912614,0.010052081149571061,0.010271258959317289,0.010490435936940379,0.010709612081025536,0.010928787390168298,0.01114796186297507,0.011367135498063455,0.01158630829406252,0.01180548024961294,0.01202465136336712,0.012243821633989216,0.012462991060155176,0.012682159640552708,0.012901327373881263,0.013120494258851976,0.01333966029418761,0.0135588254786225,0.013777989810902454,0.0139971532897847,0.014216315914037787,0.014435477682441494,0.014654638593786757,0.014873798646875555,0.015092957840520843,0.01531211617354644,0.015531273644786932,0.015750430253087613,0.015969585997304348,0.016188740876303512,0.016407894888961893,0.016627048034166595,0.01684620031081493,0.017065351717814377,0.017284502254082446,0.01750365191854661,0.01772280071014423,0.017941948627822415,0.018161095670538016,0.018380241837257463,0.01859938712695673,0.01881853153862122,0.01903767507124572,0.019256817723834266,0.019475959495400083,0.01969510038496554
dataGen_tsk_0_0_Expumps_in,dataGen_tsk_0_0_Expumps_in,"dataGen_tsk_0_0_Expumps_in",0.01,2.255539167956355,6.214330063372898,9.249802217685234,10.93536385411156,11.704850260562514,11.972818286340116,11.990319698193177,11.893173370453024,11.75360523649788,11.610085434611596,11.482394050145162,11.379248841207074,11.302564871774047,11.250202382655697,11.217924360905041,11.200797986968876,11.194119380581519,11.193929140543023,11.197210058032583,11.201870214221497,11.206606287495445,11.210719822150777,11.21393385842383,11.216235530626872,11.21775467384497,11.218678601410952,11.219198095277893,11.219477694092378,11.219643273089426,11.21978079021203,11.219941347330527,11.220149040576736,11.220409262974053,11.220716090083805,11.22105810287549,11.221422496835215,11.22179762810272,11.222174299898048,11.222546139277595,11.222909393832703,11.223262421202518,11.223605073856259,11.223938112590037,11.224262723148653,11.224580165163944,11.2248915517659,11.225197740025838,11.225499304247538,11.22579656321635,11.226089636039525,11.226378506966492,11.226663085893163,11.226943257033914,11.227218912886048,11.227489973897425,11.227756396228408,11.228018170885342,11.228275317577413,11.228527876202778,11.228775898159045,11.229019438897422,11.229258552434553,11.229493287979055,11.229723688448473,11.229949790440727,11.230171625153025,11.230389219771837,11.230602598949991,11.230811786105999,11.231016804399534,11.231217677337426,11.231414429038441,11.231607084229447,11.231795668063953,11.231980205852159,11.232160722776403,11.23233724364412,11.23250979270747,11.232678393558704,11.232843069095122,11.233003841538219,11.233160732487612,11.233313762990745,11.233462953612705,11.233608324495231,11.233749895399232,11.233887685729336,11.234021714542642,11.234152000545622,11.23427856208398,11.234401417129966,11.23452058327077,11.234636077700397,11.234747917216009,11.234856118218858,11.234960696718973,11.235061668342412,11.235159048339765,11.235252851594764,11.235343092632139
dataGen_tsk_0_0_Expumps_out,dataGen_tsk_0_0_Expumps_out,"dataGen_tsk_0_0_Expumps_out",15.600000000000001,13.354460832043646,9.395669936627103,6.360197782314766,4.67463614588844,3.9051497394374852,3.6371817136598845,3.6196803018068224,3.7168266295469765,3.8563947635021205,3.9999145653884045,4.127605949854839,4.230751158792926,4.307435128225952,4.359797617344302,4.39207563909496,4.409202013031123,4.415880619418481,4.416070859456978,4.412789941967416,4.408129785778504,4.403393712504555,4.399280177849224,4.396066141576169,4.393764469373129,4.392245326155031,4.391321398589048,4.390801904722108,4.3905223059076235,4.390356726910575,4.390219209787972,4.390058652669474,4.3898509594232635,4.389590737025948,4.3892839099161955,4.388941897124509,4.388577503164786,4.388202371897279,4.387825700101953,4.387453860722406,4.387090606167298,4.386737578797483,4.3863949261437405,4.386061887409962,4.385737276851347,4.385419834836056,4.3851084482341,4.384802259974164,4.384500695752462,4.38420343678365,4.383910363960476,4.383621493033509,4.383336914106838,4.383056742966087,4.382781087113952,4.382510026102576,4.382243603771593,4.381981829114659,4.381724682422588,4.381472123797222,4.381224101840957,4.380980561102578,4.3807414475654465,4.380506712020946,4.380276311551526,4.380050209559273,4.379828374846976,4.3796107802281625,4.379397401050008,4.379188213894002,4.3789831956004655,4.378782322662573,4.378585570961558,4.3783929157705535,4.378204331936048,4.378019794147842,4.377839277223598,4.37766275635588,4.3774902072925315,4.3773216064412965,4.377156930904878,4.376996158461781,4.376839267512388,4.376686237009254,4.376537046387296,4.37639167550477,4.376250104600769,4.3761123142706655,4.375978285457357,4.375847999454378,4.37572143791602,4.375598582870034,4.375479416729231,4.375363922299603,4.375252082783993,4.375143881781144,4.375039303281028,4.374938331657588,4.374840951660234,4.374747148405237,4.3746569073678625
dataGen_tsk_0_0_GAP_act,dataGen_tsk_0_0_GAP_act,"dataGen_tsk_0_0_GAP_act",3.0000000000000004,2.999938391228283,2.999184677001576,2.9972366924874163,2.9939473208753387,2.989125706074692,2.98251076148622,2.973807382784586,2.962732750969633,2.9490540114470805,2.932612094889379,2.9133319450874278,2.8912215969803436,2.8663633999649205,2.8389009150577396,2.8090248569436165,2.7769611100160585,2.742963759838039,2.707317162315222,2.6703552723966726,2.632513320937109,2.5943885343207636,2.5566618350147445,2.5199148415276613,2.4845647448276953,2.4508869305827585,2.4190495361971047,2.3891419913892458,2.3611967331253334,2.3352054582570605,2.3111312186197637,2.2889173891840078,2.268494295920239,2.249784096783594,2.23270436033979,2.217170673485044,2.2030985247778445,2.1904046466530627,2.179007952993411,2.1688301740379354,2.1597962651953018,2.1518346475668673,2.144877324003865,2.138859904121603,2.1337215636593454,2.129404958017643,2.1258561040305524,2.1230242417561787,2.1208616843199684,2.1193236619935467,2.1183681649433015,2.117955787782999,2.118049578079595,2.118614890226249,2.1196192455566916,2.121032199186239,2.1228252137903487,2.124971540341954,2.127446105701043,2.1302254068662054,2.1332874116444254,2.1366114654632717,2.140178204031539,2.143969471545984,2.147968244139927,2.152158558272366,2.1565254437624777,2.161054861183044,2.1657336433371466,2.170549440554399,2.1754906695561806,2.1805464656529794,2.1857066380509385,2.1909616280584716,2.1963024699975646,2.2017207546373587,2.2072085949800355,2.212758594240893,2.218363815875293,2.2240177555155096,2.2297143146899767,2.2354477762061404,2.2412127810864955,2.2470043069547474,2.252817647776336,2.2586483948639877,2.2644924190650864,2.2703458540535366,2.2762050806539302,2.282066712130872,2.2879275803809227,2.2937847229689354,2.2996353709544675,2.3054769374577204,2.311307006917823,2.317123324999508,2.3229237891071395,2.328706439467829,2.3344694507478723,2.340211124169166,2.345929880094389
dataGen_tsk_0_0_GAP_inact,dataGen_tsk_0_0_GAP_inact,"dataGen_tsk_0_0_GAP_inact",0.0,6.160877171750266E-5,8.15322998423767E-4,0.002763307512584161,0.0060526791246612935,0.01087429392530813,0.017489238513780484,0.026192617215413813,0.037267249030367273,0.05094598855291963,0.06738790511062123,0.08666805491257212,0.10877840301965672,0.13363660003508004,0.1610990849422607,0.19097514305638397,0.2230388899839418,0.2570362401619609,0.29268283768477854,0.32964472760332764,0.36748667906289106,0.4056114656792369,0.4433381649852556,0.4800851584723392,0.515435255172305,0.5491130694172418,0.5809504638028954,0.6108580086107543,0.6388032668746667,0.6647945417429397,0.6888687813802367,0.7110826108159926,0.731505704079761,0.7502159032164059,0.7672956396602102,0.7828293265149561,0.7969014752221558,0.8095953533469377,0.820992047006589,0.8311698259620649,0.8402037348046987,0.8481653524331328,0.8551226759961349,0.861140095878397,0.8662784363406549,0.8705950419823573,0.8741438959694481,0.8769757582438216,0.8791383156800319,0.8806763380064537,0.8816318350566986,0.8820442122170011,0.8819504219204051,0.881385109773751,0.8803807544433084,0.8789678008137611,0.8771747862096514,0.8750284596580467,0.8725538942989571,0.8697745931337946,0.8667125883555746,0.8633885345367283,0.8598217959684612,0.8560305284540163,0.852031755860073,0.8478414417276338,0.8434745562375228,0.838945138816956,0.8342663566628535,0.8294505594456012,0.8245093304438197,0.8194535343470206,0.8142933619490615,0.8090383719415286,0.8036975300024354,0.7982792453626416,0.7927914050199647,0.7872414057591072,0.7816361841247066,0.7759822444844904,0.7702856853100231,0.7645522237938597,0.7587872189135048,0.752995693045253,0.7471823522236644,0.7413516051360126,0.7355075809349139,0.7296541459464635,0.72379491934607,0.7179332878691282,0.7120724196190774,0.7062152770310648,0.7003646290455326,0.6945230625422797,0.6886929930821771,0.6828766750004921,0.6770762108928605,0.6712935605321709,0.6655305492521283,0.6597888758308342,0.6540701199056116
dataGen_tsk_0_0_GDI_act,dataGen_tsk_0_0_GDI_act,"dataGen_tsk_0_0_GDI_act",0.5,0.49997261875724763,0.49963771103612137,0.49877275830092577,0.49731427462826056,0.4951812203249475,0.49226428694346436,0.4884434026565856,0.483609806138433,0.4776840464973125,0.4706272788627118,0.46244576715196295,0.45318962467126434,0.4429473508208477,0.4318379276140356,0.4200021870576542,0.407594934940395,0.39477911690410916,0.381723478043464,0.3686063471012676,0.3556299483623711,0.34303498928126924,0.3310645851607532,0.31989890308203023,0.3096397484614027,0.3003270884823411,0.2919578715518935,0.2845007519861995,0.27790683307249897,0.272117302137656,0.26706874428873223,0.262696754424825,0.2589383187278355,0.25573331755794637,0.2530254091667037,0.25076248341814433,0.24889682223271092,0.2473850647236847,0.2461880466579414,0.2452705633009948,0.24460108986115775,0.24415148309276713,0.24389667996429623,0.24381440391000336,0.24388488524226645,0.24409059987830953,0.24441602794378633,0.24484743336671055,0.24537266406418673,0.24598097197318647,0.24666285177402245,0.24740989694954837,0.24821467173020026,0.2490705974609889,0.2499718519657839,0.25091328055778256,0.25189031743885476,0.252898916334222,0.2539354893155032,0.25499685286964385,0.2560801803703697,0.2571829602009356,0.25830295886110227,0.2594381884673344,0.2605868781233864,0.2617474486992828,0.26291849061080486,0.2640987442395791,0.2652870826764902,0.26648249650885114,0.2676840804052193,0.26889102128135023,0.2701025878569647,0.271318121436085,0.27253702776412975,0.2737587698328552,0.2749828615199899,0.2762088619642706,0.27743637058864834,0.2786650226950786,0.2798944855635871,0.28112445499638816,0.2823546522550206,0.2835848213446163,0.28481472660496737,0.28604415057280663,0.28727289208393786,0.28850076458761376,0.28972759464876774,0.29095322061660533,0.2921774914405859,0.2934002656170612,0.2946214102517719,0.2958408002251477,0.297058317448855,0.298273850203385,0.2994872925476378,0.300698543792506,0.30190750803135485,0.30311409372112635,0.304318213308474
dataGen_tsk_0_0_GDI_inact,dataGen_tsk_0_0_GDI_inact,"dataGen_tsk_0_0_GDI_inact",0.0,2.7381242752406946E-5,3.622889638786612E-4,0.001227241699074303,0.0026857253717394443,0.004818779675052558,0.007735713056535673,0.011556597343414488,0.01639019386156705,0.022315953502687523,0.029372721137288237,0.03755423284803707,0.0468103753287357,0.05705264917915234,0.06816207238596439,0.07999781294234581,0.09240506505960502,0.10522088309589091,0.11827652195653601,0.1313936528987324,0.14437005163762892,0.15696501071873073,0.16893541483924676,0.1801010969179698,0.19036025153859734,0.19967291151765892,0.2080421284481065,0.2154992480138005,0.22209316692750108,0.22788269786234402,0.23293125571126777,0.23730324557517507,0.2410616812721645,0.24426668244205363,0.24697459083329631,0.2492375165818557,0.2511031777672891,0.2526149352763153,0.25381195334205864,0.2547294366990052,0.25539891013884225,0.25584851690723287,0.2561033200357038,0.25618559608999664,0.2561151147577336,0.2559094001216905,0.2555839720562137,0.25515256663328945,0.25462733593581327,0.25401902802681353,0.2533371482259776,0.25259010305045165,0.25178532826979977,0.25092940253901114,0.25002814803421614,0.24908671944221747,0.24810968256114524,0.247101083665778,0.24606451068449686,0.2450031471303562,0.2439198196296303,0.2428170397990644,0.24169704113889773,0.2405618115326656,0.23941312187661362,0.2382525513007172,0.23708150938919514,0.23590125576042092,0.2347129173235098,0.2335175034911489,0.2323159195947807,0.2311089787186498,0.22989741214303527,0.228681878563915,0.22746297223587028,0.22624123016714487,0.2250171384800101,0.22379113803572942,0.2225636294113517,0.22133497730492147,0.22010551443641294,0.2188755450036119,0.21764534774497943,0.2164151786553837,0.21518527339503266,0.2139558494271934,0.21272710791606214,0.21149923541238627,0.21027240535123232,0.20904677938339472,0.20782250855941414,0.20659973438293883,0.20537858974822812,0.2041591997748523,0.20294168255114503,0.20172614979661507,0.20051270745236222,0.19930145620749407,0.1980924919686452,0.19688590627887367,0.19568178669152608
dataGen_tsk_0_0_Gaq_act,dataGen_tsk_0_0_Gaq_act,"dataGen_tsk_0_0_Gaq_act",0.0,0.015602904364336138,0.018262455645963203,0.020762075841558255,0.022979474771637472,0.024867690677416832,0.02643115320808487,0.027701186270855833,0.02871933712705228,0.029528044070213803,0.030166161491465903,0.03066725889932321,0.031059357840404703,0.031365341076728365,0.03160362325976938,0.03178887424249348,0.03193269656728328,0.03204421950474978,0.03213059883060807,0.03219742754790394,0.032249067903058606,0.032288916726525646,0.03231961587695536,0.032343218130421306,0.032361317361646366,0.032375150542776975,0.03238567711609358,0.0323936411885584,0.03239961955281906,0.03240405937012489,0.03240730712296936,0.032409631365973475,0.032411240135515836,0.0324122946621578,0.03241291982088471,0.03241321238864679,0.032413247309773,0.03241308266661246,0.03241276343288482,0.03241232446529408,0.0324117927508014,3.863726587497513E-4,3.920194935605105E-4,3.977475532704557E-4,4.035578754608287E-4,4.094515679612232E-4,4.1542975298754757E-4,4.214935653706198E-4,4.276441526303825E-4,4.338826750274166E-4,4.402103056100896E-4,4.466282302587934E-4,4.5313764772334257E-4,4.597397696616827E-4,4.664358206713223E-4,4.7322703831203405E-4,4.8011467313044707E-4,4.870999886770733E-4,4.941842615172209E-4,5.01368781234196E-4,5.086548504351231E-4,5.160437847398862E-4,5.235369127706508E-4,5.311355761346932E-4,5.388411293960235E-4,5.466549400448276E-4,5.54578388457594E-4,5.626128678469104E-4,5.707597842073302E-4,5.790205562530901E-4,5.87396615339967E-4,5.958894053874246E-4,6.045003827885376E-4,6.132310163040529E-4,6.220827869552886E-4,6.310571879018971E-4,6.401557243071148E-4,6.493799131967535E-4,6.587312833037869E-4,6.68211374898092E-4,6.778217396096444E-4,6.875639402346861E-4,6.974395505287976E-4,7.074501549870184E-4,7.175973486099975E-4,7.278827366561745E-4,7.383079343747523E-4,7.488745667276089E-4,7.595842680918577E-4,7.704386819490174E-4,7.814394605520648E-4,7.925882645796811E-4,8.03886762768525E-4,8.153366315286258E-4,8.269395545407315E-4,8.386972223281919E-4,8.506113318166172E-4,8.626835858647246E-4,8.749156927769946E-4,8.873093657962455E-4,8.998663225695783E-4
dataGen_tsk_0_0_Gaq_inact,dataGen_tsk_0_0_Gaq_inact,"dataGen_tsk_0_0_Gaq_inact",3.5,3.4830994827235924,3.480216246811436,3.4775055408545024,3.4751003450642264,3.473051899474111,3.471355595087955,3.4699775610290655,3.468872780263906,3.467995237951004,3.4673027910794865,3.4667590221570785,3.4663335290254733,3.4660014831893813,3.4657429032993385,3.4655418709275825,3.465385795758196,3.465264771160536,3.465171031959715,3.4650985087947888,3.4650424678580336,3.4649992229726223,3.4649659072336103,3.4649402929947164,3.464920650597563,3.4649056376952028,3.464894213103145,3.464885569326494,3.464879080429029,3.4648742611576733,3.464870735508053,3.4648682120488945,3.464866465017541,3.464865319449469,3.464864639828993,3.4648643211357673,3.4648642820391338,3.4648644595095206,3.4648648047406327,3.464865279906939,3.464865855721596,3.499581125498345,3.499575004547925,3.4995687946611644,3.499562495592506,3.499556106140728,3.4995496250892186,3.49954305120769,3.4995363832520967,3.499529619964581,3.499522760073421,3.4995158022929846,3.499508745323687,3.4995015878519484,3.4994943285501634,3.4994869660766716,3.4994794990757336,3.499471926177513,3.4994642459980634,3.499456457139324,3.499448558189117,3.499440547721155,3.4994324242950543,3.4994241864563556,3.499415832736551,3.499407361653119,3.49939877170957,3.4993900613954945,3.499381229186628,3.499372273544916,3.499363192918598,3.4993539857422937,3.499344650437099,3.4993351854107018,3.4993255890574964,3.4993158597587195,3.499305995882593,3.4992959957844776,3.4992858578070427,3.4992755802804485,3.4992651615225405,3.4992545998390576,3.4992438935238566,3.499233040859151,3.499222040115764,3.4992108895533995,3.499199587420928,3.4991881319566884,3.499176521388814,3.499164753935567,3.499152827805698,3.4991407411988233,3.499128492305822,3.499116079309254,3.499103500383797,3.499090753696706,3.499077837408299,3.499064749672457,3.4990514886371575,3.499038052445023,3.4990244392339007
dataGen_tsk_0_0_H1HR_act,dataGen_tsk_0_0_H1HR_act,"dataGen_tsk_0_0_H1HR_act",0.0,2.1520814647886604,2.52063449587485,2.867467353982316,3.175519870883553,3.4381335561655746,3.6557905829192907,3.83274099806594,3.97469131948467,4.0875012527219114,4.176552845044182,4.246506356154269,4.301258111475241,4.343993732797144,4.377279158293037,4.403159947657418,4.423254825628284,4.438837986978027,4.450908500277266,4.460247437198661,4.467464108611134,4.473033047810571,4.477323361616542,4.480621877529269,4.483151321689242,4.485084547041945,4.4865556432975895,4.487668594810949,4.488504019414421,4.489124406430687,4.489578186182839,4.489902888276352,4.490127592817897,4.4902748308756255,4.490362058723208,4.490402800020761,4.490407531712481,4.490384369950255,4.49033960220159,4.490278098954753,4.4902036332679796,0.05299845538228981,0.053773129700308224,0.05455894124700057,0.05535604063401146,0.05616458021686059,0.056984714069102466,0.057816598003210755,0.05866038957658081,0.05951624809866188,0.06038433463759593,0.06126481202633807,0.062157844868233135,0.06306359954201966,0.06398224420623491,0.06491394880299049,0.06585888506108988,0.06681722649845581,0.06778914842383665,0.06877482793775848,0.06977444393268827,0.0707881770923748,0.07181620989032932,0.07285872658741085,0.07391591322847556,0.07498795763805358,0.07607504941501025,0.07717737992615167,0.07829514229873052,0.07942853141180985,0.08057774388643714,0.08174297807458439,0.0829244340468044,0.08412231357855644,0.08533682013514875,0.08656815885524796,0.08781653653290097,0.08908216159801732,0.09036524409525405,0.09166599566124792,0.09298462950013645,0.09432136035730768,0.09567640449131928,0.09704997964392323,0.09844230500813451,0.09985360119427807,0.10128409019394816,0.10273399534181381,0.10420354127520136,0.10569295389138485,0.10720246030251256,0.10873228878810079,0.11028266874501783,0.11185383063488838,0.11344600592883963,0.11505942704951701,0.11669432731028923,0.1183509408515686,0.1200295025741654,0.12173024806959923,0.12345341354728812
dataGen_tsk_0_0_H1HR_inact,dataGen_tsk_0_0_H1HR_inact,"dataGen_tsk_0_0_H1HR_inact",5.0,2.830993453150879,2.459521151496617,2.1099296624110004,1.7994116925373467,1.534677439875727,1.3152411988011772,1.1368204282976127,0.9936650390042736,0.8798706817873487,0.7900143901963526,0.7194005367915416,0.6641032703394064,0.6209128582526623,0.5872439606986589,0.5610355630403535,0.5406567179922267,0.5248236143222423,0.5125296462462049,0.5029878512340894,0.49558432403673147,0.48984095387773274,0.4853858516471466,0.481930027991948,0.4792490782274876,0.4771688467446838,0.47555423344159825,0.4743004703530124,0.47332633223050985,0.47256885885561034,0.47197925502884247,0.4715197083372576,0.4711609195938976,0.47088018794361647,0.47065992560836284,0.4704865070152256,0.4703493762966809,0.4702403561360438,0.4701531117039637,0.4700827358054793,0.47002542696207017,4.941945167531706,4.941164353187178,4.940372312116025,4.93956889344466,4.938753943599473,4.937927307272952,4.937088827404498,4.9362383451743215,4.935375699996243,4.934500729510994,4.933613269580022,4.932713154279867,4.9318002158971055,4.930874284923884,4.929935190054112,4.928982758180287,4.92801681439105,4.927037181969429,4.926043682391897,4.925036135328147,4.924014358641774,4.922978168391762,4.921927378834936,4.9208618024292585,4.919781249838233,4.918685529936229,4.917574449814915,4.916447814790788,4.915305428413862,4.914147092477547,4.912972607029782,4.911781770385424,4.910574379140049,4.909350228185077,4.908109110724384,4.906850818292375,4.905575140773653,4.904281866424266,4.902970781894626,4.901641672254167,4.900294321017746,4.898928510173957,4.897544020215279,4.89614063017025,4.894718117637653,4.893276258822804,4.891814828576028,4.890333600433362,4.88883234665957,4.887310838293522,4.885768845196067,4.884206136100389,4.882622478665006,4.881017639529392,4.879391384372417,4.877743477973553,4.876073684277056,4.87438176645907,4.872667486997832,4.870930607747027
dataGen_tsk_0_0_Histamine,dataGen_tsk_0_0_Histamine,"dataGen_tsk_0_0_Histamine",100.0,99.152713048985,98.43906278951228,97.84808697896332,97.36755677987658,96.98203350607803,96.67568292205533,96.43389874971085,96.24399974439483,96.09537456384983,95.97934990086371,95.8889454374565,95.818602224979,95.76392567451865,95.72145977064461,95.68849684819872,95.66292150350458,95.6430844053077,95.62770160645043,95.61577476333925,95.60652829015285,95.5993600658845,95.5938028759354,95.58949432990795,95.58615342859481,95.58356233476356,95.58155220618369,95.5799921939959,95.57878090414191,95.57783977337596,95.5771079323155,95.57653822275351,95.5760941104989,95.5757472927575,95.57547584402059,95.57526277939336,95.57509494145933,95.57496213786919,95.57485647320712,95.57477183138877,95.57470347468298,94.17021027714294,92.7860550072269,91.42250694955571,90.07925991157528,88.75601225872846,87.4524668464893,86.16833095369087,84.90331621677804,83.65713856503847,82.42951815679658,81.22017931655671,80.02885047308104,78.85526409838856,77.69915664766103,76.56026850004277,75.43834390032107,74.33313090147345,73.2443813080696,72.17185062051476,71.11529798012216,70.07448611500241,69.04918128675713,68.03915323796531,67.04417514045049,66.06402354431684,65.09847832774301,64.14732264752223,63.210342890337344,62.28732862476092,61.3780725539679,60.48237046915132,59.600021203630305,58.730826587640145,57.87459140379397,57.031123343206275,56.200232962268096,55.38173364006456,54.57544153642472,53.78117555059471,52.99875728052409,52.22801098275744,51.46876353292116,50.720844386796735,49.98408554197214,49.25832150006216,48.54338922948946,47.83912812881799,47.1453799906303,46.46198896594068,45.78880152913592,45.125666443436465,44.472434726869075,43.82895961874423,43.19509654663026,42.57070309381673,41.955638967259986,41.349765966003396,40.752947950065206,40.165050809786976,39.58594243563573
dataGen_tsk_0_0_IP3,dataGen_tsk_0_0_IP3,"dataGen_tsk_0_0_IP3",1.2,2.5251785534073634,4.16800171424056,6.061649858441254,8.1830439149878,10.500573752390409,12.980442426808448,15.590477747167576,18.30184814549251,21.089452918676464,23.931573001845646,26.809115871417358,29.70458264070546,32.60070817667003,35.47850442936475,38.314019689898295,41.072106421984586,43.69267495192283,46.05709736026645,47.913824938279575,48.90083833036811,49.15671297833365,49.19457096932355,49.19933465996719,49.19991879120627,49.19999010156828,49.19999879450031,49.19999985327513,49.19999998214982,49.19999999782913,49.19999999973605,49.19999999996791,49.199999999996095,49.19999999999953,49.19999999999995,49.19999999999996,49.19999999999996,49.19999999999996,49.19999999999996,49.19999999999996,49.19999999999996,49.19999999999996,49.19999999999996,49.19999999999996,49.19999999999996,49.19999999999996,49.19999999999996,49.19999999999996,49.19999999999996,49.19999999999996,49.19999999999996,49.19999999999996,49.19999999999996,49.19999999999996,49.19999999999996,49.19999999999996,49.19999999999996,49.19999999999996,49.19999999999996,49.19999999999996,49.19999999999996,49.19999999999996,49.19999999999996,49.19999999999996,49.19999999999996,49.19999999999996,49.19999999999996,49.19999999999996,49.19999999999996,49.19999999999996,49.19999999999996,49.19999999999996,49.19999999999996,49.19999999999996,49.19999999999996,49.19999999999996,49.19999999999996,49.19999999999996,49.19999999999996,49.19999999999996,49.19999999999996,49.19999999999996,49.19999999999996,49.19999999999996,49.19999999999996,49.19999999999996,49.19999999999996,49.19999999999996,49.19999999999996,49.19999999999996,49.19999999999996,49.19999999999996,49.19999999999996,49.19999999999996,49.19999999999996,49.19999999999996,49.19999999999996,49.19999999999996,49.19999999999996,49.19999999999996,49.19999999999996
dataGen_tsk_0_0_PIP2,dataGen_tsk_0_0_PIP2,"dataGen_tsk_0_0_PIP2",48.00000000000001,46.674821446592645,45.03199828575944,43.13835014155875,41.016956085012204,38.699426247609594,36.21955757319155,33.60952225283243,30.898151854507493,28.11054708132354,25.268426998154354,22.39088412858264,19.49541735929454,16.59929182332997,13.721495570635252,10.885980310101706,8.127893578015414,5.507325048077172,3.142902639733553,1.2861750617204235,0.2991616696318891,0.04328702166634612,0.005429030676446856,6.653400328103453E-4,8.12087937258184E-5,9.898431720212103E-6,1.2054996937513352E-6,1.4672487042844297E-7,1.7850184813141826E-8,2.1708663552999497E-9,2.639461308717728E-10,3.2093375921249394E-11,3.902241587638855E-12,4.749745130538941E-13,4.656612873077393E-14,3.7252902984619144E-14,3.7252902984619144E-14,3.7252902984619144E-14,3.7252902984619144E-14,3.7252902984619144E-14,3.7252902984619144E-14,3.7252902984619144E-14,3.7252902984619144E-14,3.7252902984619144E-14,3.7252902984619144E-14,3.7252902984619144E-14,3.7252902984619144E-14,3.7252902984619144E-14,3.7252902984619144E-14,3.7252902984619144E-14,3.7252902984619144E-14,3.7252902984619144E-14,3.7252902984619144E-14,3.7252902984619144E-14,3.7252902984619144E-14,3.7252902984619144E-14,3.7252902984619144E-14,3.7252902984619144E-14,3.7252902984619144E-14,3.7252902984619144E-14,3.7252902984619144E-14,3.7252902984619144E-14,3.7252902984619144E-14,3.7252902984619144E-14,3.7252902984619144E-14,3.7252902984619144E-14,3.7252902984619144E-14,3.7252902984619144E-14,3.7252902984619144E-14,3.7252902984619144E-14,3.7252902984619144E-14,3.7252902984619144E-14,3.7252902984619144E-14,3.7252902984619144E-14,3.7252902984619144E-14,3.7252902984619144E-14,3.7252902984619144E-14,3.7252902984619144E-14,3.7252902984619144E-14,3.7252902984619144E-14,3.7252902984619144E-14,3.7252902984619144E-14,3.7252902984619144E-14,3.7252902984619144E-14,3.7252902984619144E-14,3.7252902984619144E-14,3.7252902984619144E-14,3.7252902984619144E-14,3.7252902984619144E-14,3.7252902984619144E-14,3.7252902984619144E-14,3.7252902984619144E-14,3.7252902984619144E-14,3.7252902984619144E-14,3.7252902984619144E-14,3.7252902984619144E-14,3.7252902984619144E-14,3.7252902984619144E-14,3.7252902984619144E-14,3.7252902984619144E-14,3.7252902984619144E-14
dataGen_tsk_0_0_PKC_Ca,dataGen_tsk_0_0_PKC_Ca,"dataGen_tsk_0_0_PKC_Ca",0.0,0.4997824827657442,0.4046618075952076,0.3577827373170022,0.34164853257100714,0.341063363360997,0.346804506547061,0.354063383979125,0.3605470669286704,0.3653039575037515,0.36809104086519734,0.3690336228919767,0.3684323685744029,0.3666477579829225,0.3640304597510574,0.3608826391482776,0.3574412755917604,0.35387663367173294,0.3502999602004878,0.3467756189729025,0.34333410327842734,0.33998330639486124,0.3367176437671164,0.33352547375038083,0.33039371474216017,0.3273104083635798,0.3242659498728287,0.3212534137092753,0.3182683381955256,0.3153082460872933,0.3123720890373396,0.3094597298912675,0.3065715204843489,0.30370799368994195,0.30086966414777677,0.298056919221403,0.29526997694810747,0.29250888824465837,0.2897735640448673,0.28706381270556697,0.2843793777414749,0.28171997009047844,0.27908529233017315,0.27647505451902776,0.2738889827004522,0.27132682176983075,0.26878833454293233,0.2662732986939329,0.263781502877282,0.26131274294867,0.2588668188242374,0.2564435322099408,0.25404268521147805,0.25166407969789883,0.24930751722632247,0.2469727993231779,0.24465972794042898,0.24236810594677746,0.2400977375608459,0.23784842867690031,0.23561998706862855,0.2334122224808236,0.23122494663279497,0.22905797316260046,0.2269111175401016,0.22478419697182356,0.22267703031380048,0.2205894380016679,0.2185212420013086,0.216472265778954,0.21444233428692153,0.21243127395997644,0.21043891271730725,0.2084650799658958,0.20650960660226203,0.20457232501083925,0.2026530690583739,0.2007516740846045,0.1988679768900122,0.19700181572167735,0.1951530302582668,0.19332146159501248,0.19150695222927971,0.18970934604705492,0.18792848831044068,0.18616422564605964,0.1844164060341656,0.18268487879821213,0.18096949459464132,0.17927010540270327,0.17758656451418137,0.17591872652296145,0.17426644731444424,0.17262958405483686,0.17100799518038454,0.16940154038660724,0.16781008061760014,0.16623347805544306,0.16467159610974158,0.16312429940731157,0.16159145378199785
dataGen_tsk_0_0_PKC_act,dataGen_tsk_0_0_PKC_act,"dataGen_tsk_0_0_PKC_act",0.0,6.262884151281552E-5,1.2652522921192638E-4,1.73421001320193E-4,2.3108069258988772E-4,3.0282932566599386E-4,3.8768166829701383E-4,4.828801227173089E-4,5.851818518708098E-4,6.91477412184333E-4,7.990971525627783E-4,9.059466240724975E-4,0.0010105204451865701,0.001111819994373447,0.001209196843621491,0.0013021359487276332,0.0013899629013360579,0.0014713798273718252,0.001543524809603328,0.0015999323625602627,0.0016298678095632705,0.001633616597032313,0.0016266220861409439,0.0016167305885570712,0.0016056380759953681,0.0015937714363905436,0.001581338931530978,0.0015684866378371624,0.0015553277419106657,0.001541952588138488,0.0015284341060867695,0.001514831287844225,0.0015011916230323722,0.0014875529580277334,0.0014739450342605928,0.0014603908331919633,0.0014469077804370274,0.0014335088219659463,0.0014202033694457425,0.0014069981091243626,0.0013938976732003274,0.00138090517919022,0.001368022649042265,0.0013552513239246044,0.0013425918929511763,0.001330044654084432,0.0013176096241996505,0.0013052866127458158,0.001293075270746773,0.0012809751240058156,0.0012689855966337797,0.0012571060291792294,0.0012453356935999654,0.001233673806470291,0.0012221195408537364,0.0012106720369580565,0.0011993304115000337,0.001188093765630349,0.001176961191414966,0.0011659317768647997,0.0011550046097036268,0.0011441787799992107,0.0011334533818959463,0.0011228275147156595,0.0011123002835910158,0.0011018707997644396,0.0010915381807980033,0.001081301550645787,0.0010711600397473513,0.0010611127851274595,0.0010511589304751743,0.0010412976262643753,0.0010315280298794742,0.001021849305671533,0.00101226062506119,0.0010027611665715743,9.933501158263735E-4,9.840266655710384E-4,9.747900156163758E-4,9.656393728033985E-4,9.565739509472855E-4,9.475929707670491E-4,9.386956598445633E-4,9.298812525439298E-4,9.211489899591699E-4,9.124981198793237E-4,9.039278967037632E-4,8.954375814199783E-4,8.870264415430558E-4,8.786937510715707E-4,8.704387904236533E-4,8.622608464143247E-4,8.541592121762074E-4,8.461331871226162E-4,8.381820768931434E-4,8.303051933060934E-4,8.225018542908811E-4,8.147713838622085E-4,8.071131120342907E-4,7.995263748096824E-4,7.920105140925319E-4
dataGen_tsk_0_0_PKC_act_translocate,dataGen_tsk_0_0_PKC_act_translocate,"dataGen_tsk_0_0_PKC_act_translocate",0.0,1.1089716996320104E-5,6.123256120945674E-5,1.2341270417365267E-4,1.9642742068340076E-4,2.8421749920070824E-4,3.9010682505569557E-4,5.154875397562292E-4,6.597924805105793E-4,8.209386641762721E-4,9.958819330888702E-4,0.0011811368434666988,0.0013731975861395642,0.0015688299011187956,0.0017652235484619933,0.001960007486990029,0.0021511299683117063,0.0023365784088286044,0.002513822474550038,0.002678639854113157,0.002823208764596079,0.0029381606598028083,0.0030217568407278103,0.0030791312008263453,0.0031161516226540773,0.0031376051435278896,0.0031471858478077535,0.003147719143252103,0.0031413642939138605,0.003129773080881673,0.0031142110843776216,0.003095649758154488,0.0030748361323155236,0.003052345541333273,0.0030286215546201345,0.0030040062990884285,0.0029787635803338024,0.002953096600524665,0.0029271616066561474,0.0029010784544929976,0.002874938816311523,0.002848812573030093,0.0028227527959395447,0.0027967996253170707,0.0027709832828463833,0.0027453264021160607,0.002719845824725052,0.002694553976978338,0.0026694599209143815,0.0026445701537009176,0.0026198892142078826,0.0025954201429552286,0.0025711648313132066,0.002547124287443036,0.002523298839782156,0.002499688293618021,0.0024762920522525184,0.0024531092112334025,0.002430138631874607,0.002407378998685872,0.002384828864173307,0.002362486683659436,0.0023403508421933803,0.0023184196752036447,0.002296691484227027,0.0022751645487966,0.0022538371353744277,0.0022327075040361687,0.0022117739134656813,0.0021910346247028993,0.002170487903967334,0.002150132024806673,0.0021299652697442154,0.002109985931553672,0.002090192314242613,0.00207058273381296,0.002051155518838774,0.002031909010893067,0.0020128415648555586,0.0019939515491171366,0.0019752373457074925,0.001956697350357996,0.00193832997251531,0.0019201336353231438,0.0019021067755741524,0.0018842478436502145,0.001866555303448576,0.0018490276322995808,0.0018316633208822549,0.0018144608731369028,0.0017974188061727879,0.0017805356501746012,0.0017638099483077098,0.0017472402566207506,0.0017308251439461962,0.001714563191800872,0.0016984529942845029,0.001682493157976677,0.0016666823018363212,0.0016510190570977483,0.001635502067170613
dataGen_tsk_0_0_PKC_inact,dataGen_tsk_0_0_PKC_inact,"dataGen_tsk_0_0_PKC_inact",15.0,14.500143798675746,14.595150434614371,14.641920428977503,14.657923959315719,14.658349589814136,14.652417704959587,14.644938248358402,14.638207958738949,14.633183626419887,14.63011398004915,14.628879293640484,14.62918391339427,14.630671592121585,14.632995119856858,14.635855217416005,14.639017631538591,14.642315408092067,14.64564269251536,14.648945808810424,14.652212820147414,14.655444916348303,14.658633977306014,14.661778664460236,14.66488449555919,14.667958215056503,14.671005525347834,14.674030380509636,14.67703496976865,14.680020028243687,14.682985265772196,14.685929789062733,14.688852451760303,14.691752107810697,14.694627769263343,14.697478683646317,14.700304351691122,14.703104506332851,14.70587907097903,14.708628110730816,14.711351785769013,14.714050312157301,14.716723932224845,14.71937289453173,14.72199744212375,14.724597807173968,14.727174210008142,14.729726860716344,14.732255961931056,14.734761711773624,14.737244306364921,14.739703941617925,14.742140814263609,14.744555122208189,14.746947064393042,14.749316840346246,14.751664649595819,14.753990691076359,14.756295162615865,14.758578260547548,14.760840179457494,14.763081112055518,14.765301249143116,14.767500779647479,14.76967989069208,14.771838767679617,14.773977594370027,14.77609655294365,14.778195824045477,14.780275586811216,14.782336018878636,14.784377296388952,14.78639959398307,14.78840308479688,14.790387940458434,14.792354331088777,14.794302425306961,14.796232390238933,14.798144391529515,14.800038593356403,14.801915158445079,14.803774248083862,14.805616022138361,14.807440639065078,14.809248255924025,14.811039028390411,14.812813110765681,14.814570655988067,14.816311815642933,14.818036739973088,14.819745577889222,14.821438476980449,14.823115583525071,14.82477704250142,14.826422997598776,14.828053591228286,14.829668964533823,14.831269257402719,14.832854608476389,14.834425155160782,14.835981033636738
dataGen_tsk_0_0_PLC_act,dataGen_tsk_0_0_PLC_act,"dataGen_tsk_0_0_PLC_act",0.0,6.515316109158448E-5,7.633079424500465E-5,8.685978746638285E-5,9.621524960210081E-5,1.0419083787390264E-4,1.1079977239845903E-4,1.161711581372947E-4,1.204788133245893E-4,1.2390121549440665E-4,1.2660218887089288E-4,1.2872348033284654E-4,1.303835165819328E-4,1.3167906293427224E-4,1.3268802107166267E-4,1.3347246784338495E-4,1.3408151021358208E-4,1.3455379277409522E-4,1.3491960945641041E-4,1.352026400862087E-4,1.3542135477691774E-4,1.3559013664314991E-4,1.3572017242840959E-4,1.3582015464577127E-4,1.3589683286307263E-4,1.3595544504147258E-4,1.360000544365903E-4,1.3603381190987422E-4,1.3605916029613583E-4,1.3607799304052608E-4,1.3609177762045874E-4,1.3610165117119324E-4,1.361084948333155E-4,1.3611299128213434E-4,1.3611566944833614E-4,1.3611693908562302E-4,1.3611711764795474E-4,1.361164510458184E-4,1.3611512979085094E-4,1.3611330145329705E-4,1.361110803569318E-4,1.6219782539701556E-6,1.6456833138363437E-6,1.6697296597703828E-6,1.6941213421523572E-6,1.7188630213786383E-6,1.7439594089228196E-6,1.7694152687909084E-6,1.795235419413075E-6,1.8214247316063848E-6,1.8479881301755087E-6,1.8749305943492802E-6,1.9022571566165426E-6,1.92997290432686E-6,1.9580829788174014E-6,1.9865925757039805E-6,2.0155069456086496E-6,2.044831393432105E-6,2.074571278935764E-6,2.1047320164507257E-6,2.135319074877771E-6,2.166337977832882E-6,2.197794303938281E-6,2.2296936859493146E-6,2.262041810608935E-6,2.2948444201028906E-6,2.328107309731422E-6,2.3618363290734127E-6,2.3960373815498315E-6,2.430716423841659E-6,2.465879465598846E-6,2.501532569585834E-6,2.53768185080844E-6,2.5743334757862614E-6,2.6114936635713096E-6,2.6491686831286643E-6,2.68736485435511E-6,2.7260885473515374E-6,2.7653461805311966E-6,2.8051442214928104E-6,2.8454891855653845E-6,2.8863876340619755E-6,2.9278461757348854E-6,2.9698714635742363E-6,3.012470195099013E-6,3.0556491103197914E-6,3.0994149921752982E-6,3.143774663767545E-6,3.188734988216311E-6,3.2343028663308364E-6,3.280485236318782E-6,3.327289071748965E-6,3.3747213799506427E-6,3.422789200267289E-6,3.471499603474513E-6,3.520859688142082E-6,3.5708765804884027E-6,3.621557431470137E-6,3.6729094148904553E-6,3.724939725507284E-6,3.7776555764139633E-6
dataGen_tsk_0_0_PLC_inact,dataGen_tsk_0_0_PLC_inact,"dataGen_tsk_0_0_PLC_inact",1.0,0.9999348468389084,0.999923669205755,0.9999131402125336,0.9999037847503979,0.9998958091621261,0.9998892002276015,0.9998838288418627,0.9998795211866754,0.9998760987845056,0.999873397811129,0.9998712765196671,0.9998696164834181,0.9998683209370657,0.9998673119789283,0.9998665275321565,0.9998659184897865,0.999865446207226,0.9998650803905436,0.9998647973599138,0.999864578645223,0.9998644098633568,0.9998642798275715,0.9998641798453543,0.9998641031671369,0.9998640445549586,0.9998639999455634,0.9998639661880901,0.9998639408397039,0.9998639220069595,0.9998639082223796,0.9998638983488288,0.9998638915051667,0.9998638870087179,0.9998638843305516,0.9998638830609144,0.9998638828823521,0.9998638835489542,0.9998638848702092,0.9998638866985468,0.9998638889196431,0.999998378021746,0.9999983543166862,0.9999983302703402,0.9999983058786579,0.9999982811369786,0.9999982560405911,0.9999982305847311,0.9999982047645806,0.9999981785752684,0.9999981520118698,0.9999981250694057,0.9999980977428433,0.9999980700270957,0.9999980419170212,0.9999980134074243,0.9999979844930543,0.9999979551686066,0.999997925428721,0.9999978952679835,0.9999978646809251,0.9999978336620221,0.999997802205696,0.9999977703063141,0.9999977379581894,0.99999770515558,0.9999976718926903,0.9999976381636709,0.9999976039626184,0.9999975692835762,0.9999975341205344,0.9999974984674304,0.9999974623181492,0.9999974256665242,0.9999973885063365,0.9999973508313169,0.9999973126351456,0.9999972739114527,0.9999972346538194,0.9999971948557785,0.9999971545108145,0.999997113612366,0.9999970721538243,0.9999970301285364,0.9999969875298049,0.9999969443508897,0.9999969005850078,0.9999968562253362,0.9999968112650118,0.9999967656971337,0.9999967195147637,0.9999966727109282,0.9999966252786201,0.9999965772107997,0.9999965285003966,0.9999964791403119,0.9999964291234196,0.9999963784425685,0.9999963270905852,0.9999962750602746,0.9999962223444236
dataGen_tsk_0_0_Pyrilamine,dataGen_tsk_0_0_Pyrilamine,"dataGen_tsk_0_0_Pyrilamine",0.0,1.3217195958341854,0.9795416380156043,0.7381573165522609,0.5681450873392104,0.4473560662022005,0.36044172325406976,0.2970783214131971,0.2503347053905233,0.21550388206244925,0.18933551066733675,0.1695449006649549,0.15449895463955907,0.1430128162659326,0.13421580994593504,0.12746128515831678,0.12226478551229103,0.11826079098538449,0.1151719602041435,0.11278691210507391,0.11094396611607019,0.10951911200672818,0.10841702428825516,0.10756430191603476,0.10690435036734326,0.10639348801884847,0.10599797274209048,0.10569172364287836,0.10545457191135504,0.10527091452033192,0.10512867728667048,0.10501851441626617,0.10493319090498879,0.1048671048139025,0.10481591841218929,0.10477627237809709,0.10474556516264974,0.10472178173309064,0.10470336150308986,0.1046890955832085,100.0,94.12358706189013,92.74021260631862,91.37745658971853,90.03501297040944,88.7125802674078,87.40986149149516,86.12656407856512,84.86239982388247,83.617084817321,82.39033937956438,81.18188799925557,79.99145927108006,78.81878583477037,77.66360431501599,76.5256552622675,75.40468309441962,74.30043603936123,73.21266607837897,72.14112889040165,71.08558379707279,70.04579370863937,69.02152507064409,68.0125478114091,67.01863529030001,66.0395642467575,65.07511475008567,64.12507014998613,63.1892170278254,62.26734514862594,61.359247413769246,60.4647198144004,59.58356138552371,58.71557416077891,57.86056312788771,57.01833618476068,56.188704096254526,55.37148045156974,54.56648162227935,53.77352672097895,52.99243756054878,52.22303861401854,51.46515697502602,50.71862231886028,49.983266864080726,49.258925334703356,48.54543492294554,47.84263525252091,47.1503683424759,46.46847857156002,45.79681264312131,45.13521955051926,44.483550543047535,43.84165909235807,43.20940085937971,42.58663366172316,41.973217441565296,41.36901423400525,40.77388813588509,40.187705275068126,39.61033378016763
dataGen_tsk_0_0_RhoA_act,dataGen_tsk_0_0_RhoA_act,"dataGen_tsk_0_0_RhoA_act",0.0,0.011765027280850337,0.015774408483011648,0.018667546907113867,0.02144620981996879,0.02419838392822072,0.02696259531567805,0.02980809556839988,0.032820205825390296,0.036081113947471606,0.039657245328119026,0.04359302900461481,0.047909422459471974,0.052605622514253485,0.05766263507960365,0.06304761294800788,0.06871809353861028,0.07462544073339553,0.08071681465471164,0.08693464124953375,0.09321158013657667,0.09946096143981442,0.1055781556556374,0.11146437535237522,0.11704600798136555,0.12227668117676863,0.12713192480446772,0.13160320499549621,0.13569308452821338,0.13941160538437777,0.1427736586481333,0.14579709793325515,0.14850140024010094,0.15090672600118443,0.15303326859437863,0.15490081290323288,0.15652844432140703,0.15793436565265992,0.1591357910742704,0.16014889482596892,0.16098879841710442,0.1279051067047473,0.11842215720068665,0.11618599683780224,0.11570760207449086,0.11560827398383991,0.11554624433374965,0.11544050012773835,0.11527542899723166,0.11505156743718312,0.11477316652299838,0.11444506746198052,0.11407193739457988,0.11365810332205148,0.11320753606343643,0.11272387014124544,0.11221043063245714,0.11167025976777077,0.1111061416182574,0.11052062461908907,0.10991604202889839,0.10929453049697914,0.1086580469168909,0.1080083837330062,0.10734718285119162,0.10667594829008915,0.10599605769659394,0.10530877283574083,0.1046152491544746,0.10391654450858943,0.10321362713326701,0.1025073829286825,0.10179862212575973,0.10108808538964019,0.10037644941274078,0.09966433204402217,0.09895229699610733,0.09824085816794076,0.09753048361652532,0.09682159920834937,0.09611459197787568,0.09540981321796775,0.0947075813248288,0.09400818441787735,0.09331188275303692,0.09261891094668769,0.09192948002556339,0.09124377931633033,0.09056197818841787,0.0898842276613135,0.08921066188723781,0.08854139951909892,0.0878765449728165,0.08721618959203363,0.08656041272306815,0.08590928270699456,0.08526285779521801,0.0846211869945284,0.0839843108469341,0.08335226214946248,0.08272506661827676
dataGen_tsk_0_0_RhoA_inact,dataGen_tsk_0_0_RhoA_inact,"dataGen_tsk_0_0_RhoA_inact",50.0,49.98823497271915,49.98422559151699,49.98133245309288,49.97855379018003,49.97580161607178,49.97303740468432,49.9701919044316,49.96717979417461,49.963918886052525,49.96034275467188,49.95640697099539,49.952090577540524,49.94739437748574,49.9423373649204,49.93695238705199,49.93128190646139,49.9253745592666,49.919283185345286,49.913065358750465,49.906788419863425,49.90053903856018,49.894421844344365,49.88853562464762,49.882953992018635,49.877723318823236,49.872868075195534,49.8683967950045,49.864306915471786,49.86058839461562,49.85722634135187,49.854202902066746,49.8514985997599,49.84909327399881,49.84696673140562,49.845099187096764,49.84347155567859,49.84206563434734,49.84086420892573,49.839851105174034,49.83901120158289,49.87209489329525,49.88157784279931,49.8838140031622,49.884292397925506,49.88439172601616,49.88445375566625,49.88455949987226,49.88472457100277,49.884948432562815,49.885226833477006,49.88555493253802,49.88592806260542,49.88634189667795,49.886792463936565,49.887276129858755,49.88778956936754,49.88832974023223,49.88889385838174,49.88947937538091,49.8900839579711,49.890705469503025,49.89134195308311,49.89199161626699,49.89265281714881,49.89332405170991,49.89400394230341,49.89469122716426,49.89538475084553,49.89608345549141,49.896786372866735,49.897492617071315,49.898201377874244,49.89891191461036,49.89962355058726,49.90033566795598,49.90104770300389,49.90175914183206,49.902469516383476,49.90317840079165,49.90388540802213,49.90459018678203,49.90529241867517,49.90599181558212,49.906688117246965,49.90738108905331,49.90807051997444,49.90875622068367,49.90943802181158,49.910115772338685,49.910789338112764,49.9114586004809,49.912123455027185,49.912783810407966,49.91343958727693,49.91409071729301,49.91473714220478,49.915378813005475,49.91601568915306,49.91664773785054,49.91727493338172
dataGen_tsk_0_0_SERCA,dataGen_tsk_0_0_SERCA,"dataGen_tsk_0_0_SERCA",15.000000000000002,15.000000000000002,15.000000000000002,15.000000000000002,15.000000000000002,15.000000000000002,15.000000000000002,15.000000000000002,15.000000000000002,15.000000000000002,15.000000000000002,15.000000000000002,15.000000000000002,15.000000000000002,15.000000000000002,15.000000000000002,15.000000000000002,15.000000000000002,15.000000000000002,15.000000000000002,15.000000000000002,15.000000000000002,15.000000000000002,15.000000000000002,15.000000000000002,15.000000000000002,15.000000000000002,15.000000000000002,15.000000000000002,15.000000000000002,15.000000000000002,15.000000000000002,15.000000000000002,15.000000000000002,15.000000000000002,15.000000000000002,15.000000000000002,15.000000000000002,15.000000000000002,15.000000000000002,15.000000000000002,15.000000000000002,15.000000000000002,15.000000000000002,15.000000000000002,15.000000000000002,15.000000000000002,15.000000000000002,15.000000000000002,15.000000000000002,15.000000000000002,15.000000000000002,15.000000000000002,15.000000000000002,15.000000000000002,15.000000000000002,15.000000000000002,15.000000000000002,15.000000000000002,15.000000000000002,15.000000000000002,15.000000000000002,15.000000000000002,15.000000000000002,15.000000000000002,15.000000000000002,15.000000000000002,15.000000000000002,15.000000000000002,15.000000000000002,15.000000000000002,15.000000000000002,15.000000000000002,15.000000000000002,15.000000000000002,15.000000000000002,15.000000000000002,15.000000000000002,15.000000000000002,15.000000000000002,15.000000000000002,15.000000000000002,15.000000000000002,15.000000000000002,15.000000000000002,15.000000000000002,15.000000000000002,15.000000000000002,15.000000000000002,15.000000000000002,15.000000000000002,15.000000000000002,15.000000000000002,15.000000000000002,15.000000000000002,15.000000000000002,15.000000000000002,15.000000000000002,15.000000000000002,15.000000000000002,15.000000000000002
dataGen_tsk_0_0_p115_act,dataGen_tsk_0_0_p115_act,"dataGen_tsk_0_0_p115_act",0.0,1.6106268659154923E-6,2.130501805040467E-5,7.211984080745424E-5,1.576404586859326E-4,2.823401527337683E-4,4.521345934948159E-4,6.732572868127363E-4,9.508740145651837E-4,0.001287975327781344,0.0016847276426375857,0.002138300575304502,0.0026431039124594213,0.0031913198205997017,0.003773594261043154,0.004379755361405903,0.004999449412355633,0.00562261194775926,0.006239702768721977,0.006841596899488816,0.00741896540975549,0.0079616862922839,0.008460574424918287,0.008910146710920884,0.009308849504201475,0.009657898276843633,0.009960176982434838,0.010219453473951147,0.01043985987208461,0.010625563190663294,0.010780566775565574,0.010908599393435673,0.011013061647452747,0.011097008858391587,0.01116315630440463,0.011213897437625103,0.011251328948228825,0.011277278755827335,0.011293334490088151,0.011300871004227372,0.01130107610642268,0.01129497410613831,0.01128344703310375,0.011267253543111574,0.011247045621308408,0.011223383232140373,0.011196747116235006,0.01116754990550117,0.011136145749765056,0.01110283862865942,0.011067889511111935,0.011031522510229921,0.010993930166412322,0.01095527797682486,0.010915708275400894,0.010875343554540463,0.010834289307818108,0.010792636462340075,0.01075046345990712,0.010707838037797662,0.010664818752718694,0.010621456285179909,0.01057779455613449,0.010533871683093035,0.010489720798955805,0.010445370753427633,0.010400846713996319,0.010356170680996377,0.010311361929176801,0.010266437386396024,0.010221411958528036,0.010176298808345972,0.010131109595019942,0.01008585467990046,0.01004054330342877,0.009995183737309489,0.009949783415476851,0.009904349046869014,0.009858886712588357,0.009813401949650377,0.00976789982320596,0.009722384988852842,0.009676861746418202,0.009631334086401273,0.009585805730093214,0.00954028016425016,0.009494760671071953,0.009449250354131319,0.009403752160810087,0.009358268901719976,0.00931280326751896,0.009267357843476062,0.009221935122089657,0.009176537514020854,0.009131167357568167,0.009085826926878135,0.009040518439060128,0.008995244060350533,0.008950005911452237,0.008904806072157625,0.008859646585349998
dataGen_tsk_0_0_p115_inact,dataGen_tsk_0_0_p115_inact,"dataGen_tsk_0_0_p115_inact",0.02,0.019998389373134084,0.019978694981949596,0.019927880159192547,0.019842359541314067,0.01971765984726623,0.019547865406505185,0.019326742713187264,0.019049125985434817,0.018712024672218656,0.018315272357362414,0.0178616994246955,0.01735689608754058,0.0168086801794003,0.016226405738956846,0.015620244638594098,0.015000550587644369,0.014377388052240741,0.013760297231278022,0.013158403100511184,0.01258103459024451,0.012038313707716101,0.011539425575081714,0.011089853289079117,0.010691150495798527,0.010342101723156367,0.010039823017565163,0.009780546526048853,0.00956014012791539,0.009374436809336707,0.009219433224434427,0.009091400606564328,0.008986938352547255,0.008902991141608413,0.008836843695595372,0.008786102562374897,0.008748671051771175,0.008722721244172667,0.00870666550991185,0.008699128995772628,0.00869892389357732,0.008705025893861691,0.008716552966896253,0.008732746456888426,0.008752954378691594,0.008776616767859628,0.008803252883764994,0.008832450094498833,0.008863854250234945,0.00889716137134058,0.008932110488888064,0.00896847748977008,0.009006069833587678,0.009044722023175142,0.009084291724599106,0.00912465644545954,0.009165710692181892,0.009207363537659925,0.009249536540092883,0.009292161962202339,0.009335181247281308,0.009378543714820092,0.00942220544386551,0.009466128316906967,0.009510279201044195,0.009554629246572367,0.009599153286003682,0.009643829319003623,0.009688638070823197,0.009733562613603976,0.009778588041471964,0.009823701191654028,0.009868890404980058,0.00991414532009954,0.00995945669657123,0.010004816262690511,0.01005021658452315,0.010095650953130987,0.010141113287411643,0.010186598050349624,0.01023210017679404,0.01027761501114716,0.010323138253581799,0.010368665913598727,0.010414194269906786,0.01045971983574984,0.01050523932892805,0.010550749645868681,0.010596247839189915,0.010641731098280025,0.01068719673248104,0.010732642156523938,0.010778064877910344,0.010823462485979147,0.010868832642431835,0.010914173073121865,0.010959481560939874,0.011004755939649467,0.011049994088547763,0.011095193927842377,0.011140353414650002
dataGen_tsk_0_0_p63_act,dataGen_tsk_0_0_p63_act,"dataGen_tsk_0_0_p63_act",0.0,0.001232459750979615,0.0014449667483556552,0.001645523516472895,0.0018239649145340084,0.0019762190105979973,0.0021024519315616637,0.0022050815419414724,0.002287403795717255,0.0023528167632878468,0.0024044452401767195,0.0024449954632652228,0.002476729617539968,0.0025014966709558215,0.0025207854198203133,0.002535782362080645,0.002547426164307108,0.002556455541939795,0.002563449600220338,0.0025688610172213524,0.0025730428841309917,0.002576270164208836,0.002578756717006181,0.0025806687202164906,0.002582135207927204,0.0025832563169789504,0.002584109726324823,0.0025847556730377256,0.0025852408578559702,0.002585601479161269,0.002585865591357433,0.002586054933960841,0.0025861863521096534,0.0025862728970909668,0.0025863246806742974,0.002586349536500202,0.0025863535334452173,0.002586341372821044,0.0025863166966917928,0.002586282326313376,0.0025862404472455094,3.0879864650923994E-5,3.133027520103497E-5,3.1788055905490186E-5,3.225241069099866E-5,3.272342828975525E-5,3.3201198384922465E-5,3.3685811670438855E-5,3.417735985349282E-5,3.467593566034339E-5,3.518163283879403E-5,3.5694546162412734E-5,3.621477143329685E-5,3.674240548542002E-5,3.72775461866695E-5,3.782029244088335E-5,3.8370744190469855E-5,3.892900241640746E-5,3.949516914071865E-5,4.0069347425305754E-5,4.065164137311513E-5,4.1242156127409547E-5,4.1840997870895085E-5,4.244827382397489E-5,4.306409224242089E-5,4.368856241562753E-5,4.432179466282833E-5,4.496390032974887E-5,4.5614991783222653E-5,4.6275182407116524E-5,4.6944586596364395E-5,4.762331974910922E-5,4.831149826160982E-5,4.900923951849109E-5,4.971666188474047E-5,5.043388469552156E-5,5.1161028245551284E-5,5.189821377833141E-5,5.2645563472906363E-5,5.3403200431639564E-5,5.4171248664060846E-5,5.494983307347866E-5,5.573907943893574E-5,5.6539114398474345E-5,5.735006543065538E-5,5.8172060833749135E-5,5.900522970536259E-5,5.984970192002948E-5,6.070560810549069E-5,6.157307961766492E-5,6.245224851358217E-5,6.334324752548128E-5,6.424621002966888E-5,6.516127001668793E-5,6.6088562059158E-5,6.702822127728723E-5,6.798038330380223E-5,6.894518424669514E-5,6.992276065051557E-5,7.091324945504312E-5,7.191678795337794E-5
dataGen_tsk_0_0_p63_inact,dataGen_tsk_0_0_p63_inact,"dataGen_tsk_0_0_p63_inact",1.0,0.9987675402490204,0.9985550332516443,0.998354476483527,0.9981760350854659,0.998023780989402,0.9978975480684383,0.9977949184580585,0.9977125962042828,0.9976471832367122,0.9975955547598233,0.9975550045367347,0.99752327038246,0.9974985033290442,0.9974792145801797,0.9974642176379194,0.9974525738356929,0.9974435444580603,0.9974365503997796,0.9974311389827787,0.997426957115869,0.9974237298357912,0.9974212432829939,0.9974193312797834,0.9974178647920728,0.997416743683021,0.9974158902736752,0.9974152443269623,0.9974147591421441,0.9974143985208388,0.9974141344086426,0.9974139450660391,0.9974138136478903,0.9974137271029091,0.9974136753193257,0.9974136504634998,0.9974136464665547,0.9974136586271789,0.9974136833033082,0.9974137176736867,0.9974137595527545,0.9999691201353491,0.999968669724799,0.9999682119440946,0.999967747589309,0.9999672765717103,0.9999667988016151,0.9999663141883296,0.9999658226401464,0.9999653240643397,0.9999648183671612,0.9999643054538376,0.9999637852285668,0.9999632575945145,0.9999627224538133,0.9999621797075592,0.9999616292558096,0.9999610709975836,0.9999605048308593,0.9999599306525747,0.9999593483586269,0.9999587578438726,0.999958159002129,0.9999575517261761,0.9999569359077576,0.9999563114375843,0.9999556782053372,0.9999550360996703,0.9999543850082168,0.9999537248175928,0.9999530554134036,0.9999523766802509,0.9999516885017384,0.9999509907604814,0.9999502833381152,0.9999495661153045,0.9999488389717545,0.9999481017862217,0.999947354436527,0.9999465967995684,0.999945828751336,0.9999450501669266,0.9999442609205611,0.9999434608856015,0.9999426499345694,0.9999418279391663,0.9999409947702946,0.9999401502980799,0.9999392943918944,0.9999384269203824,0.9999375477514864,0.9999366567524746,0.9999357537899703,0.9999348387299833,0.9999339114379409,0.9999329717787226,0.9999320196166962,0.9999310548157533,0.9999300772393495,0.9999290867505449,0.9999280832120466
dataGen_tsk_0_0_phosphatase,dataGen_tsk_0_0_phosphatase,"dataGen_tsk_0_0_phosphatase",0.5,0.5,0.5,0.5,0.5,0.5,0.5,0.5,0.5,0.5,0.5,0.5,0.5,0.5,0.5,0.5,0.5,0.5,0.5,0.5,0.5,0.5,0.5,0.5,0.5,0.5,0.5,0.5,0.5,0.5,0.5,0.5,0.5,0.5,0.5,0.5,0.5,0.5,0.5,0.5,0.5,0.5,0.5,0.5,0.5,0.5,0.5,0.5,0.5,0.5,0.5,0.5,0.5,0.5,0.5,0.5,0.5,0.5,0.5,0.5,0.5,0.5,0.5,0.5,0.5,0.5,0.5,0.5,0.5,0.5,0.5,0.5,0.5,0.5,0.5,0.5,0.5,0.5,0.5,0.5,0.5,0.5,0.5,0.5,0.5,0.5,0.5,0.5,0.5,0.5,0.5,0.5,0.5,0.5,0.5,0.5,0.5,0.5,0.5,0.5,0.5
time_tsk_0_0,time_tsk_0_0,"time_tsk_0_0",0.0,30.0,60.0,90.0,120.0,150.0,180.0,210.0,240.0,270.0,300.0,330.0,360.0,390.0,420.0,450.0,480.0,510.0,540.0,570.0,600.0,630.0,660.0,690.0,720.0,750.0,780.0,810.0,840.0,870.0,900.0,930.0,960.0,990.0,1020.0,1050.0,1080.0,1110.0,1140.0,1170.0,1200.0,1230.0,1260.0,1290.0,1320.0,1350.0,1380.0,1410.0,1440.0,1470.0,1500.0,1530.0,1560.0,1590.0,1620.0,1650.0,1680.0,1710.0,1740.0,1770.0,1800.0,1830.0,1860.0,1890.0,1920.0,1950.0,1980.0,2010.0,2040.0,2070.0,2100.0,2130.0,2160.0,2190.0,2220.0,2250.0,2280.0,2310.0,2340.0,2370.0,2400.0,2430.0,2460.0,2490.0,2520.0,2550.0,2580.0,2610.0,2640.0,2670.0,2700.0,2730.0,2760.0,2790.0,2820.0,2850.0,2880.0,2910.0,2940.0,2970.0,3000.0
